<?xml version="1.0" encoding="UTF-8"?>
<pipeline>
	<source file="/home/srinivasan/eclipse/workspace_java/ETL_Operation/input.txt" />
	<transform plugin-class="com.srini.ETL_Operation.CompoundTransform">
		<subtransform plugin-class="com.srini.ETL_Operation.CaseTransform"
			case="upper" />
		<subtransform plugin-class="com.srini.ETL_Operation.SubstituteTransform">
			<from>API</from>
			<to>application program interface</to>
		</subtransform>
	</transform>
	<destination file="output.txt" />
</pipeline>
